Gebied;Wijknaam;SocialeIndex;SocialeIndexSubjectief;SocialeIndexObjectief;OordeelKwaliteitVanLeven;CapaciteitenSubjectief;LeefomgevingSubjectief;MeedoenSubjectief;BindingSubjectief;CapaciteitenObjectief;LeefomgevingObjectief;MeedoenObjectief;BindingObjectief;PercentageBewonersDatZegtTevredenTeZijnMetDeKwaliteitVanHunLeven;PercentageBewonersDatZegtMetHetHuishoudinkomenMoelijkRondTeKunnenKomen;PercentageBewonersDatZegtSlechteGezondheidTeErvaren;PercentageBewonersDatZegtGezondheidsbelemmeringenTeErvaren;PercentageBewonersDatZegtMoeiteTeHebbenMetHetSprekenVanNederlands;PercentageBewonersDatZegtMoeiteTeHebbenMetHetLezenVanNederlands;PercentageBewonersDatZegtMoeiteTeHebbenMetHetSchrijvenVanNederlands;PercentageBewonersDatZegtBehoefteAanTaalhulpTeHebben;PercentageBewonersDatZegtNietTeKunnenDoenWatMenWil;PercentageBewonersDatZegtDeToekomstNietInDeHandHebben;PercentageBewonersDatZegtBelangrijkeDingenNietTeKunnenVeranderen;PercentageBewonersDatZegtWeinigControleOverDingenTeHebben;PercentageBewonersDatZegtZichVaakHulpeloosTeVoelen;PercentageBewonersDatZegtProblemenSomsNietOpTeKunnenLossen;PercentageBewonersDatZegtDatBuurtbewonersElkaarKennen;PercentageBewonersDatZegtZichThuisTeVoelenBijBuurtbewoners;PercentageBewonersDatZegtDatBuurtbewonersVeelMetElkaarOmGaan;PercentageBewonersDatZegtDatBuurtbewonersElkaarHelpen;PercentageBewonersDatZegtDatBuurtbewonersElkaarsOpvattingenDelen;PercentageBewonersDatZegtGeenProblemenMetBuurtbewonersTeHebben;PercentageBewonersDatZegtDatJongEnOudGoedMetElkaarOmgaanInDeBuurt;PercentageBewonersDatZegtDatDeOmgangTussenEtnischeGroepenInDeBuurtGoedIs;PercentageBewonersDatZegtDatDeOmgangTussenNederlandersEnAllochtonenInDeBuurtGoedIs;PercentageBewonersDatZegtInDeBuurtGeenDiscriminatieTeErvaren;PercentageBewonersDatZegtDatErInDeBuurtGenoegPlekkenZijnVoorGezamenlijkeBewonersactiviteiten;PercentageBewonersDatZegtDatErInDeBuurtGenoegPlekkenVoorGeloofsbetuigingEnLevensbeschouwlijkeBijeenkomsten;PercentageBewonersDatZegtDatErInDeBuurtGenoegOuderenvoorzieningenZijn;PercentageBewonersDatZegtDatErInDeBuurtGenoegVrijetijdsvoorzieningenVoorJongerenZijn;PercentageBewonersDatZegtDatErInDeBuurtGenoegKindersportEnSpelplekkenZijn;PercentageBewonersDatZegtDatDeGemeenteVoorMeedoenZorgt;PercentageBewonersDatZegtDatDeGemeenteInitiatievenOndersteunt;PercentageBewonersDatZegtVertrouwenTeHebbenInOverheidsorganisaties;PercentageBewonersDatZegtOverEigenMeedoenTevredenTeZijn;PercentageBewonersDatZegtGeenDiscriminatieTeErvarenInEnBuitenDeEigenWoonbuurt;PercentageBewonersDatZegtGenoegBelangstellingVanAnderenTeHebben;PercentageBewonersDatZegtMetVoldoendeAnderenTeKunnenPraten;PercentageBewonersDatZegtVoldoendeHulpVanAnderenTeHebben;PercentageBewonersDatZegtGenoegHulpVanFamilieTeHebben;PercentageBewonersDatZegtZichNietInDeSteekGelatenTeVoelen;PercentageBewonersDatZegtGelukMetDeBuurtTeHebben;PercentageBewonersDatZegtTrotsOpDeBuurtTeZijn;PercentageBewonersDatZegtDeBuurtLeukTeVinden;PercentageBewonersDatZegtGeenProblemenInDeBuurtTeErvaren;PercentageBewonersDatZegtZichVerbondenTeVoelenMetBuurt;PercentageBewonersDatZegtZichVerantwoordelijkTeVoelenVoorBuurt;PercentageBewonersDatZegtVertrouwenTeHebbenInDeelgemeentebestuur;PercentageBewonersDatZegtZichVerbondenTeVoelenMetStad;PercentageBewonersDatZegtVertrouwenTeHebbenInToekomstStad;PercentageBewonersDatZegtVooruitgangVanStadTeVerwachten;PercentageBewonersDatZegtVertrouwenInGemeentebestuurTeHebben;PercentageBewonersMetEenLaagHuishoudinkomen;PercentageHuishoudensMetEenBijstandsuitkering;PercentageBewoners18JrEnOuderMetSchulddienstverlening;PercentageLeerlingenIn3EKlasHavoVwo;PercentageSchoolverlaters18TM22JrZonderStartkwalificatie;PercentageBewoners23TM64JrZonderStartkwalificatie;PercentageSterfgevallenVoorHet65SteLevensjaar;PercentageBewoners15TM64JrMetEenArbeidsongeschikheidsuitkering;PercentageOngediplomeerdeBewoners18JrEnOuder;PercentageBewoners18JrEnOuderDatNogMaarKortInNederlandWoont;PercentageBewonersDatBekendIsMetDeVraagwijzerServicepunt;PercentageBewonersDatBekendIsMetMaatschappelijkWerk;PercentageBewonersDatBekendIsMetThuiszorgorganisaties;PercentageBewonersDatBekendIsMetHetSteunpuntMantelzorg;PercentageBewonersDatBekendIsMetHetCentrumVoorJeugdEnGezin;PercentageBewonersDatBekendIsMetHetAdviesEnSteunpuntHuiselijkGeweldEnKindermishandeling;PercentageBewonersDatBekendIsMetSchuldhulpverlening;PercentageBewonersDatBekendIsMetBewonersorganisaties;PercentageBewonersMetWekelijkseBurencontacten;PercentageBewonersMetWekelijkseContactenMetOverigeBuurtgenoten;PercentageWoningenMetOverbewoning;PercentageWoningenNabijDeVraagwijzer;PercentageWoningenNabijHetCentrumVoorJeugdEnGezin;PercentageSchoolgaandeEnStuderendeJongeren18TM22Jr;PercentageWerkendeJongeren18TM22Jr;PercentageWerkzoekendeJongeren18TM22JrZonderBaan;PercentageBewoners23TM64JrMetWerk;PercentageWerkzoekendeBewoners23TM64JrZonderBaan;PercentageBewonersDatMantelzorgVerricht;PercentageBewonersDatActiefIsAlsVrijwilligger;PercentageBewonersDatMaandelijksEenHobbyclubOfVerenigingBezoekt;PercentageBewonersDatMaandelijksDeelneemtAanCultureleActiviteiten;PercentageBewonersDatWekelijksSport;PercentageBewonersDatMaandelijksCultureleVoorzieningenBezoekt;PercentageBewonersDatMaandelijksLevensbeschouwelijkeEnReligieuzeBijeenkomstenBezoekt;PercentageBewonersDatJaarlijksFestivals,EvenementenOfBraderieënBezoekt;PercentageBewonersDatMaandelijksUitgaat;PercentageBewonersMetWekelijkseFamiliecontacten;PercentageBewonersMetWekelijkseVriendencontacten;PercentageBewonersMetWekelijkseBurencontacten;PercentageBewonersMetWekelijkseContactenMetOverigeBuurtgenoten;PercentageBewonersMetWekelijkseContactenViaInternet;PercentageVerhuizingenInNaarUitDeBuurt;PercentageBewonersDatAlLangInBuurtWoont;PercentageBewonersDatZichActiefInzetVoorDeBuurt;PercentageBewonersDatAlLangInRotterdamWoont
Charlois;Tarwewijk;79;85;73;100;71;98;61;93;73;79;86;55;79;31;22;25;23;22;28;9;18;22;25;17;13;18;29;45;26;52;3;62;41;48;51;89;47;67;25;41;57;5;43;73;65;75;72;54;72;64;7;24;39;49;33;49;75;52;74;61;45;52;32;16;14;22;15;26;31;58;11;82;47;82;78;58;77;69;63;61;51;24;14;69;1;67;24;66;5;23;1;22;3;19;38;29;39;72;45;78;78;51;24;6;21;3;5;53
Charlois;Carnisse;75;71;79;66;80;80;52;80;80;91;88;58;73;25;21;27;24;22;3;11;14;17;18;17;13;19;26;39;19;46;22;52;37;41;41;88;44;75;37;31;56;46;39;69;6;7;78;54;71;64;71;23;29;57;31;38;8;42;67;59;4;49;3;9;9;32;18;24;33;53;1;71;51;81;78;55;76;73;71;63;5;28;1;59;1;6;32;71;59;17;11;19;33;16;39;32;26;78;41;77;76;5;28;68;19;27;57;52
Charlois;Zuidwijk;81;75;87;83;64;79;61;88;75;67;93;112;76;29;27;36;12;13;18;5;24;32;29;23;14;23;34;52;28;52;31;61;47;47;51;93;35;63;36;2;62;42;36;64;62;78;73;5;7;64;68;46;52;66;45;48;79;39;72;57;3;43;3;17;17;33;2;27;42;82;12;23;62;87;84;7;71;74;72;7;51;3;8;0;0;61;28;64;52;25;17;26;33;14;36;28;24;7;39;81;7;51;3;6;14;39;71;69
Charlois;OudCharlois;85;89;80;107;80;103;66;90;75;64;92;90;8;27;19;28;16;14;2;1;21;22;2;16;14;16;37;49;29;54;3;59;5;46;56;88;54;75;3;44;67;46;43;72;63;74;79;57;73;72;75;31;45;62;36;47;82;37;71;63;35;47;32;15;12;29;17;25;46;69;8;5;54;86;78;65;72;74;7;67;51;3;11;0;15;62;26;47;53;2;14;2;29;17;35;38;27;77;42;8;75;51;3;6;16;37;59;63
Charlois;Wielewaal;78;64;92;57;44;86;56;76;57;78;80;152;72;46;34;48;5;14;13;8;28;35;33;35;19;34;67;57;53;66;61;58;56;34;37;9;74;33;4;6;65;26;3;64;53;84;73;46;66;59;73;67;63;76;43;61;82;36;67;41;18;27;44;21;27;18;22;43;14;127;15;8;67;83;8;78;72;73;71;85;47;39;6;0;0;48;3;91;46;28;26;27;22;12;27;18;9;72;3;81;7;47;39;48;8;53;8;8
Charlois;Zuidplein;104;115;92;85;127;96;154;112;97;92;106;74;76;9;16;2;15;1;19;4;9;2;11;11;11;17;14;43;16;44;22;74;42;35;45;95;35;5;29;27;5;48;58;85;75;94;88;58;85;8;8;38;38;59;45;36;79;45;84;76;42;63;18;7;11;33;9;25;21;44;1;24;55;83;82;69;68;74;63;69;41;19;6;1;1;67;42;65;68;12;16;26;28;13;48;43;14;84;61;83;74;41;19;55;17;31;84;5
Charlois;Pendrecht;77;68;85;33;77;83;55;94;77;63;98;102;68;23;25;28;18;19;25;8;17;3;23;21;11;17;31;42;26;48;28;63;42;45;5;86;44;7;39;26;51;46;36;68;64;74;73;5;72;59;71;3;4;53;24;51;78;49;75;6;41;52;23;18;17;24;18;22;4;75;12;32;7;83;84;67;72;79;77;7;51;35;1;0;0;67;26;57;52;23;14;22;36;2;32;35;35;78;5;81;75;51;35;58;14;36;65;66
Charlois;Zuiderpark en Zuidrand;93;102;84;86;99;103;119;106;72;84;86;93;76;16;26;38;0;6;5;0;24;28;22;2;15;25;4;61;27;71;34;66;51;34;4;96;39;77;4;2;75;47;4;74;68;88;76;68;76;78;77;65;56;75;47;66;72;43;85;64;22;49;13;13;3;24;43;29;137;289;12;2;59;87;9;83;71;61;67;67;41;24;5;14;41;29;0;111;4;13;23;48;48;15;29;17;29;69;41;8;66;41;24;55;27;35;68;69
Charlois;Heijplaat;97;99;95;110;82;101;88;112;77;96;81;125;8;22;25;32;9;7;1;4;26;31;25;21;23;16;73;71;52;75;31;65;58;51;59;93;55;2;33;28;39;46;43;69;63;86;79;51;68;75;69;5;57;79;46;64;89;32;69;72;35;47;25;12;16;33;15;56;72;72;9;12;64;84;86;69;74;74;75;8;63;49;5;0;0;63;27;63;59;17;1;19;4;9;3;2;11;82;38;73;71;63;49;62;9;42;54;78
Charlois;Charlois;81;79;83;80;74;90;60;91;74;81;92;87;75;27;23;29;17;17;23;8;19;25;23;19;13;19;33;47;27;52;29;6;44;45;5;89;45;68;33;33;59;46;4;7;63;76;75;53;72;65;71;33;42;59;35;47;79;43;72;6;37;49;29;15;14;28;17;26;41;71;11;49;57;84;81;64;73;73;7;67;5;3;1;26;42;63;27;62;53;21;14;22;33;17;36;32;29;75;43;79;74;5;3;61;17;34;62;61
Delfshaven;Delfshaven;94;109;79;107;105;100;111;123;84;69;101;61;8;21;17;18;19;17;21;8;17;18;15;11;1;11;3;51;22;43;26;71;47;57;55;93;41;51;18;21;41;51;49;82;68;83;83;63;82;75;82;38;52;67;45;44;85;46;71;82;58;61;28;2;16;32;9;16;35;44;7;62;47;86;83;68;69;72;72;57;43;22;1;2;1;79;14;48;5;24;1;26;4;16;5;41;19;8;7;83;85;43;22;65;25;36;61;51
Delfshaven;Bospolder;84;78;90;57;60;104;71;100;69;77;92;123;72;35;24;34;22;24;34;14;18;23;21;2;14;12;39;53;32;49;36;68;44;54;57;89;53;74;38;4;63;5;4;67;63;77;78;57;76;65;77;38;47;61;24;53;81;46;76;6;47;49;41;22;14;23;18;28;32;77;15;36;58;81;79;68;71;73;68;62;49;32;18;84;1;69;23;75;45;27;13;23;37;25;39;35;31;74;45;77;76;49;32;59;13;48;71;71
Delfshaven;Tussendijken;73;63;82;30;39;97;47;101;61;83;91;95;67;42;33;35;27;28;31;15;23;24;27;25;25;21;3;49;28;48;27;64;4;45;51;89;56;77;36;47;56;42;4;73;59;72;72;55;72;59;69;33;47;58;34;49;79;5;72;61;47;52;46;22;14;25;15;24;64;79;15;51;56;82;8;58;67;68;66;63;46;27;14;1;1;7;21;64;42;28;11;24;3;27;37;4;36;73;51;82;75;46;27;57;16;39;6;64
Delfshaven;Spangen;86;88;84;55;69;113;97;107;81;58;89;109;71;3;25;27;27;24;32;13;19;24;15;17;14;13;43;54;38;52;3;71;52;61;55;96;61;79;29;35;45;46;46;75;65;84;8;61;76;71;75;32;47;58;34;53;84;47;75;62;5;53;34;18;13;24;15;25;22;63;14;32;51;9;79;66;71;73;73;64;45;27;19;59;23;7;2;54;51;23;13;16;32;24;39;38;43;7;47;81;78;45;27;59;12;44;6;68
Delfshaven;Nieuwe Westen;85;86;85;65;80;96;81;105;84;72;89;94;73;26;25;23;25;23;29;1;17;19;17;16;12;16;3;51;28;43;26;67;45;48;53;94;51;83;26;36;48;42;42;74;64;79;77;6;69;73;78;3;39;64;33;45;8;46;74;66;5;57;26;17;11;28;11;22;24;56;13;38;46;84;76;61;67;77;69;6;43;25;13;38;1;73;18;37;51;22;11;19;35;18;46;49;28;76;6;78;79;43;25;57;16;41;59;64
Delfshaven;Middelland;101;117;84;126;99;122;111;130;92;84;103;59;83;22;16;2;17;18;21;9;14;16;15;17;11;16;36;55;36;51;31;72;53;53;56;94;52;69;19;35;61;54;54;79;68;84;83;65;8;72;79;47;56;73;36;59;85;45;79;78;59;58;23;12;7;39;15;17;29;47;9;51;43;85;85;69;77;82;75;68;45;26;1;5;1;71;17;87;57;16;13;22;43;17;52;53;2;84;69;76;82;45;26;69;25;35;48;56
Delfshaven;Schiemond;100;114;86;113;91;126;105;136;83;68;96;98;81;27;19;23;17;14;2;9;16;19;16;12;12;17;38;64;4;54;38;75;6;51;52;93;6;35;38;42;73;54;51;78;74;84;72;49;74;64;78;52;64;78;57;61;82;51;78;74;57;6;32;14;1;24;21;22;29;52;12;23;49;83;8;67;73;83;77;58;5;29;13;0;1;65;18;43;61;19;13;2;37;2;44;41;19;79;59;77;75;5;29;62;11;38;7;6
Delfshaven;OudMathenesseWitte Dorp;82;88;77;92;80;100;71;97;88;51;92;77;77;24;21;24;2;18;29;5;2;27;2;16;13;22;3;43;22;44;23;6;41;46;54;9;59;43;34;47;59;47;44;78;6;8;78;57;74;63;76;24;36;6;43;41;81;4;69;68;43;56;24;1;1;25;13;18;29;49;6;65;56;87;81;66;72;74;68;74;45;24;1;0;0;67;29;5;58;18;12;23;27;18;43;32;28;75;54;78;72;45;24;61;18;34;74;53
Delfshaven;Delfshaven;88;93;84;80;78;107;87;113;80;74;94;88;75;28;23;25;22;21;27;1;18;21;18;17;13;16;34;52;31;47;29;68;48;52;54;93;54;69;28;37;54;47;46;76;65;81;78;6;75;69;77;36;47;65;37;5;82;46;75;69;51;56;3;17;11;27;14;21;31;57;12;44;5;85;8;65;71;76;71;63;45;26;13;43;78;71;19;57;52;22;12;21;35;2;44;43;29;76;58;79;78;45;26;61;17;39;6;61
Feijenoord;Kop van Zuid;108;129;88;132;157;90;119;148;133;73;120;25;84;7;9;9;9;6;1;6;12;11;8;1;6;7;13;56;13;34;25;71;56;44;5;92;27;41;13;15;26;6;51;8;7;81;87;71;88;83;84;63;73;87;74;46;85;51;78;89;75;73;1;2;1;6;5;1;1;8;1;83;51;87;85;72;74;82;79;54;27;18;5;0;1;8;2;17;68;5;1;26;41;11;62;71;7;93;86;87;82;27;18;82;3;7;52;28
Feijenoord;Kop van ZuidEntrepot;105;116;95;99;109;124;109;138;88;89;116;89;79;19;16;2;17;16;22;7;14;19;15;13;5;12;43;61;37;56;39;74;53;59;62;94;45;67;23;28;63;57;51;77;7;8;85;65;82;74;84;52;63;8;49;59;87;44;76;8;6;61;25;14;12;43;15;21;38;57;1;26;49;84;84;64;79;79;75;72;55;37;11;7;92;67;21;44;6;17;19;25;44;17;45;46;24;82;64;77;77;55;37;63;13;4;52;61
Feijenoord;Vreewijk;91;85;98;88;78;105;60;93;67;102;93;128;77;26;25;35;11;12;15;3;19;25;22;22;1;18;41;56;35;61;42;55;48;4;5;87;53;76;45;42;57;47;39;75;59;77;76;55;76;64;74;51;53;7;4;54;87;36;76;56;26;44;36;19;14;27;18;42;65;86;12;25;61;89;85;68;76;74;68;75;59;35;7;8;1;62;29;61;49;26;17;23;3;16;41;32;17;69;4;78;74;59;35;55;12;5;6;77
Feijenoord;Bloemhof;76;65;88;32;53;99;59;81;66;90;96;99;68;35;27;33;26;25;28;9;23;23;27;24;15;2;45;5;34;6;34;58;46;53;51;88;61;8;33;56;52;44;42;65;59;76;77;57;75;66;74;31;41;57;26;51;79;41;67;54;36;48;32;21;16;23;19;37;35;73;17;42;56;83;8;68;77;76;68;64;57;37;14;5;1;64;25;89;44;27;18;22;28;22;31;25;39;72;39;82;77;57;37;56;16;4;58;67
Feijenoord;Hillesluis;73;67;79;41;52;99;66;78;69;71;93;81;69;36;28;33;21;24;3;11;24;28;27;2;13;22;33;48;35;52;29;65;41;52;49;86;54;88;31;42;6;45;39;71;65;69;76;58;73;62;74;27;34;48;28;46;78;41;73;58;37;44;43;19;11;23;17;35;28;67;17;51;54;8;79;61;72;73;69;64;54;32;17;9;1;65;25;64;47;24;16;21;3;25;34;35;37;75;41;8;75;54;32;54;17;36;42;66
Feijenoord;Katendrecht;108;117;100;124;101;123;94;140;89;101;113;98;83;21;18;28;1;13;18;6;14;15;17;17;9;14;57;72;49;67;32;7;55;52;57;93;69;39;32;43;84;46;46;77;69;77;82;63;77;73;81;62;76;84;45;68;88;45;82;7;53;58;26;16;16;35;14;19;2;53;11;21;5;81;83;68;7;76;71;7;55;39;8;31;8;73;17;37;59;21;16;22;36;2;46;48;18;8;63;83;82;55;39;64;11;39;58;63
Feijenoord;Afrikaanderwijk;80;73;87;31;43;117;74;98;59;84;91;115;67;36;37;34;29;26;35;11;23;28;27;22;15;2;45;52;43;51;32;7;5;56;56;96;61;77;34;51;62;51;41;7;56;84;74;6;76;63;81;36;44;57;25;52;78;45;71;63;51;48;46;28;13;26;17;39;49;84;25;27;62;82;78;56;75;7;63;69;54;36;18;93;1;68;23;67;36;32;13;27;22;26;37;33;42;71;45;75;77;54;36;5;14;46;6;72
Feijenoord;Feijenoord;83;83;84;73;55;111;69;105;68;55;100;114;74;41;31;33;23;2;25;1;21;26;21;17;12;15;33;48;35;51;35;62;47;52;48;91;55;72;35;51;56;56;46;7;66;76;75;52;74;6;79;3;38;56;29;5;82;46;79;67;49;55;47;28;16;2;2;31;22;86;16;2;54;83;74;6;75;72;71;63;49;35;17;0;26;63;22;74;39;33;14;26;31;26;41;36;4;72;45;84;79;49;35;57;12;47;49;74
Feijenoord;Noordereiland;109;123;94;123;109;107;121;154;98;80;107;92;83;2;21;29;7;9;9;4;11;18;13;12;8;14;44;66;37;61;3;7;58;57;58;92;39;26;9;14;64;53;51;79;71;82;87;69;82;83;86;67;76;92;67;72;87;4;82;8;52;67;22;12;13;3;11;17;46;54;9;2;47;92;89;8;78;86;87;69;46;26;6;15;3;73;23;67;62;17;16;27;3;14;38;47;11;73;65;8;84;46;26;62;14;42;56;62
Feijenoord;Feijenoord;87;85;89;70;70;108;73;105;71;87;100;100;74;3;25;31;19;19;24;8;2;23;22;19;11;18;4;54;36;56;35;64;48;51;53;9;54;72;32;43;59;49;43;72;63;77;78;59;77;67;78;42;5;65;36;54;83;42;74;63;43;51;35;19;13;27;17;32;38;7;15;33;55;84;81;65;75;75;7;68;54;34;12;25;86;66;24;66;49;25;16;24;31;21;39;36;29;74;48;8;77;54;34;57;14;41;54;68
HillegersbergSchiebroek;Schiebroek;114;120;108;128;118;124;103;125;100;100;110;121;84;1;17;25;1;9;14;6;17;19;15;14;7;15;5;62;42;66;43;69;62;38;52;92;58;76;51;51;72;45;43;78;6;84;86;68;78;79;86;61;61;79;68;6;86;49;71;67;38;55;15;12;12;54;14;16;29;64;6;13;5;86;85;7;77;8;75;65;54;37;7;3;97;7;22;57;63;16;16;24;43;16;48;37;2;79;53;83;74;54;37;64;1;46;59;73
HillegersbergSchiebroek;Hillegersbergzuid;140;163;118;180;167;134;171;163;134;102;136;100;94;4;7;11;5;4;8;3;9;13;5;8;3;9;67;75;5;77;55;76;74;45;61;98;56;7;22;25;56;47;56;83;77;93;95;77;9;87;94;76;77;9;83;79;93;52;81;83;53;63;4;3;2;61;8;6;23;33;4;21;45;92;91;75;81;86;8;75;62;34;5;0;98;75;25;23;75;7;17;31;51;11;62;55;12;89;71;79;79;62;34;74;13;41;49;69
HillegersbergSchiebroek;Hillegersbergnoord;129;148;111;163;140;132;149;156;103;123;117;101;9;8;18;18;7;6;8;3;12;17;13;1;4;12;61;69;46;67;55;81;68;34;46;97;45;62;5;2;64;56;51;83;69;94;89;7;81;82;88;82;76;86;79;73;84;58;78;82;42;67;12;8;9;7;11;14;52;56;6;17;49;84;89;74;74;75;7;73;59;33;5;91;1;7;22;36;66;11;17;25;48;1;55;48;15;76;64;8;74;59;33;66;11;45;5;66
HillegersbergSchiebroek;Terbregge;129;144;114;157;142;125;152;144;130;78;125;124;89;8;15;22;2;3;7;1;18;16;9;12;5;14;68;75;5;77;55;7;77;49;64;95;35;25;16;22;77;52;54;81;75;88;89;78;85;85;87;82;77;88;8;72;87;5;82;69;38;57;11;5;2;64;11;13;9;39;5;2;44;93;93;74;79;86;84;68;65;39;1;0;2;63;26;12;73;7;23;25;44;1;58;45;14;77;65;79;76;65;39;65;1;61;5;73
HillegersbergSchiebroek;Molenlaankwartier;139;156;121;178;161;127;149;163;129;115;136;107;93;4;8;17;3;5;6;2;1;16;9;1;2;8;64;8;45;74;67;78;79;27;43;96;42;7;45;17;63;45;56;86;66;94;89;77;82;87;9;92;83;94;9;8;92;51;74;83;48;64;5;1;0;84;7;2;45;31;3;18;36;89;88;66;69;77;73;59;63;39;5;19;66;75;15;9;75;4;18;35;49;9;62;51;1;76;69;76;81;63;39;68;9;49;44;69
HillegersbergSchiebroek;HillegersbergSchiebroek;128;143;114;157;141;130;137;148;112;109;122;111;89;7;14;2;7;6;1;4;13;17;11;11;5;12;59;7;46;7;53;74;69;38;52;95;51;67;42;32;66;48;5;82;67;9;89;72;82;83;89;75;72;86;78;71;88;52;76;76;43;61;1;7;7;66;11;11;33;49;5;17;46;88;88;71;76;8;75;68;59;36;6;22;86;71;22;38;69;1;17;27;46;12;55;45;15;79;62;8;76;59;36;67;11;46;51;7
Hoek van Holland;Strand en duin;127;140;114;180;174;116;116;115;141;108;132;76;94;1;4;9;2;6;6;2;8;16;5;6;3;4;65;75;49;8;6;8;82;32;41;97;54;68;53;28;71;37;34;8;49;93;93;75;92;85;91;83;83;9;87;77;92;41;31;61;33;41;4;1;0;47;9;9;17;24;3;6;47;91;93;75;8;85;75;56;57;3;4;2;94;67;32;22;8;4;17;3;62;7;67;3;9;84;57;8;85;57;3;71;8;39;44;55
Hoek van Holland;DorpRijnpoort;120;116;124;151;121;116;105;89;101;134;131;128;88;12;19;27;2;4;7;1;16;23;18;17;8;16;61;73;41;77;54;72;75;33;5;97;71;84;63;54;65;34;34;71;47;92;89;68;83;82;87;7;67;86;83;68;85;44;22;51;24;31;18;5;5;34;13;22;64;67;7;7;54;92;93;79;8;8;77;57;66;42;4;77;98;58;42;34;68;1;2;32;41;16;51;25;18;78;48;86;77;66;42;64;7;57;51;74
Hoek van Holland;Hoek van Holland;122;121;122;157;132;116;108;93;108;130;132;118;89;1;16;23;2;4;7;1;15;22;16;15;7;14;62;74;43;78;55;74;76;33;48;97;68;81;61;49;66;35;34;73;48;92;89;69;85;83;88;72;7;87;84;7;86;44;24;53;25;33;15;5;4;37;12;19;54;58;6;7;53;92;93;79;8;81;76;57;64;4;4;63;98;6;4;32;71;9;2;31;45;14;54;26;16;79;5;85;79;64;4;65;7;53;49;7
Hoogvliet;Hoogvlietnoord;96;91;102;77;91;97;90;101;89;105;96;118;75;17;24;27;1;11;17;5;21;24;18;2;13;21;48;6;34;59;35;63;54;54;52;93;45;57;29;34;55;43;39;71;61;82;83;55;79;75;8;47;51;79;62;51;81;49;55;6;33;51;18;1;8;28;14;33;36;61;12;12;51;84;83;67;77;74;67;63;56;34;7;38;86;61;33;44;65;14;15;18;3;14;4;27;17;68;4;85;74;56;34;63;9;54;49;72
Hoogvliet;Hoogvlietzuid;105;102;108;107;113;93;107;89;95;109;106;122;8;13;2;22;6;8;7;5;17;24;19;18;8;15;46;62;31;63;36;61;55;43;54;97;4;64;32;21;62;42;4;68;6;9;82;54;8;75;79;46;55;78;64;59;84;43;59;57;19;41;1;8;6;35;13;3;39;72;9;9;55;85;86;71;75;75;73;68;61;33;4;23;35;6;39;36;65;13;17;21;34;9;44;3;12;72;45;87;74;61;33;63;9;53;64;69
Hoogvliet;Hoogvliet;102;98;106;96;105;94;101;94;93;108;103;122;78;15;21;24;7;9;1;5;18;24;19;19;1;17;47;61;32;62;36;62;55;47;53;96;42;61;31;25;6;42;4;69;61;87;83;55;8;75;79;46;54;78;63;56;83;45;57;58;24;45;13;9;7;32;13;31;38;68;1;1;53;85;85;7;76;74;71;66;6;34;5;28;54;6;37;39;65;13;16;2;33;11;43;29;14;7;43;86;74;6;34;63;9;53;6;7
IJsselmonde;Oud IJsselmonde;104;110;98;129;139;80;94;107;107;71;110;106;84;7;14;2;8;7;1;3;16;21;12;9;6;9;42;57;24;56;41;68;54;48;6;97;33;55;16;15;42;37;33;75;62;84;81;58;76;76;79;51;59;76;68;51;91;29;71;65;34;46;11;6;6;41;12;15;27;41;6;17;49;81;87;62;75;77;71;55;49;24;9;0;54;64;27;59;71;11;16;26;31;13;46;38;17;8;6;83;74;49;24;68;9;5;51;65
IJsselmonde;Lombardijen;80;77;84;64;91;89;56;86;73;80;75;106;73;19;29;25;14;12;18;6;21;2;23;16;11;13;3;44;21;43;28;65;42;43;48;9;52;73;42;48;59;41;33;72;56;82;73;45;64;62;72;32;45;65;46;47;78;43;7;6;27;46;25;15;14;25;18;33;54;72;11;21;57;82;79;66;7;71;68;66;49;25;7;0;1;63;29;56;55;2;15;17;24;15;37;29;24;66;4;71;63;49;25;51;14;38;64;68
IJsselmonde;Beverwaard;89;83;95;73;104;89;80;68;92;79;91;119;74;24;21;25;6;4;9;2;16;2;17;17;8;16;38;49;32;53;28;58;46;53;61;89;44;27;38;51;61;42;39;7;62;79;8;59;77;74;8;2;38;58;25;4;79;37;71;56;31;39;21;17;18;23;18;28;33;65;3;2;59;91;86;72;86;83;79;66;58;27;1;0;1;61;27;69;58;21;17;17;27;16;31;33;19;75;35;81;74;58;27;67;11;5;54;74
IJsselmonde;Groot IJsselmondeNoord;96;86;105;86;83;91;78;94;88;115;93;126;76;2;29;34;6;12;13;4;25;29;2;2;11;18;44;54;3;59;31;69;53;43;49;92;36;59;38;22;51;45;4;71;58;81;79;58;77;71;81;49;5;7;45;54;81;41;7;57;29;46;28;11;9;25;18;27;4;78;7;7;57;9;89;73;73;73;7;68;59;33;6;58;95;63;31;52;58;2;17;2;3;2;36;26;22;66;41;8;69;59;33;59;12;46;67;74
IJsselmonde;Groot IJsselmondeZuid;92;85;99;83;98;85;77;83;86;95;95;120;76;18;19;23;13;16;2;6;2;25;21;16;9;15;41;46;24;52;37;72;47;33;46;93;39;69;41;21;57;42;32;73;56;84;78;6;7;72;79;35;44;64;38;51;81;42;64;57;31;42;19;12;12;29;18;28;38;69;8;15;51;84;86;71;64;75;7;63;51;27;6;22;64;62;33;47;61;18;18;18;34;18;38;31;24;71;42;8;72;51;27;57;1;44;62;72
IJsselmonde;IJsselmonde;91;86;96;82;97;88;74;86;85;94;90;116;76;19;23;26;1;11;15;4;2;23;19;16;1;15;39;49;26;52;32;67;48;43;51;92;42;59;38;33;55;42;35;72;58;82;78;56;72;7;78;36;46;65;42;49;81;4;69;58;3;44;22;13;12;27;17;28;4;67;7;16;55;85;85;69;73;75;71;64;53;28;7;19;84;62;3;56;6;19;17;19;29;17;37;31;22;7;42;78;7;53;28;59;11;45;6;71
KralingenCrooswijk;Rubroek;95;102;89;89;101;93;109;116;83;83;97;91;77;21;22;24;15;16;2;8;16;16;14;9;6;13;25;44;15;42;26;69;42;44;51;94;47;6;33;26;48;45;44;77;67;83;82;65;75;77;83;41;48;7;49;42;87;44;8;71;49;52;29;14;11;22;1;22;34;57;9;37;46;85;8;69;7;78;7;61;34;17;8;9;1;75;18;23;56;18;14;23;37;19;47;43;12;75;59;78;82;34;17;57;18;4;55;65
KralingenCrooswijk;Nieuw Crooswijk;94;105;84;117;110;86;99;113;102;74;102;57;82;21;2;23;14;14;14;4;13;1;17;9;8;1;3;44;19;48;18;65;37;35;44;89;51;43;27;47;59;39;45;77;69;78;85;54;81;76;84;31;45;73;27;44;88;37;78;74;48;58;29;16;8;29;16;12;16;49;8;2;54;88;89;79;77;83;77;71;4;19;5;0;1;71;23;73;55;21;16;24;37;16;47;39;15;75;61;87;77;4;19;68;22;19;37;61
KralingenCrooswijk;Oud Crooswijk;72;61;83;37;61;76;57;77;62;55;93;122;68;33;31;36;21;18;27;11;18;19;23;25;11;15;25;38;2;39;24;61;33;39;42;88;51;63;4;31;64;43;35;68;64;68;69;48;73;6;73;3;38;59;33;42;7;39;71;58;37;45;46;24;19;25;17;35;51;88;18;19;58;84;81;65;75;74;72;64;46;19;13;0;1;68;17;73;43;29;18;26;33;17;46;36;28;74;48;79;76;46;19;53;13;45;66;74
KralingenCrooswijk;Kralingenwest;98;105;90;101;92;107;105;122;90;78;107;85;79;2;17;21;24;25;27;13;13;2;2;15;12;16;32;49;25;51;31;69;56;45;53;92;45;71;38;26;57;49;49;75;69;83;8;56;81;72;79;52;5;74;58;51;83;45;74;72;5;55;24;13;1;35;6;15;34;53;8;49;46;81;78;67;69;73;71;59;41;24;1;62;51;8;16;19;56;18;12;27;41;17;49;48;26;79;61;81;74;41;24;66;2;34;6;63
KralingenCrooswijk;De Esch;106;122;91;139;105;116;125;124;95;77;109;81;86;2;2;22;11;12;15;5;16;17;14;14;8;16;3;53;19;45;25;74;45;42;51;96;67;23;41;55;76;47;51;8;68;88;88;65;79;77;83;45;54;83;6;48;83;42;76;75;5;54;23;12;12;24;6;16;19;56;8;3;5;86;76;71;72;74;75;73;48;35;5;0;0;79;18;2;58;18;18;24;35;15;51;36;15;77;56;79;75;48;35;62;15;43;53;57
KralingenCrooswijk;Struisenburg;106;129;83;142;140;104;121;137;113;72;103;43;86;9;1;14;17;17;2;8;8;12;7;8;6;1;22;58;19;4;36;75;5;35;46;97;36;56;21;2;47;57;51;8;64;87;86;66;84;87;85;58;55;87;8;42;83;46;69;81;57;7;15;3;3;5;1;5;27;25;2;177;36;8;76;63;63;65;66;52;33;13;5;55;0;76;7;6;5;7;7;24;47;12;64;53;13;84;8;81;83;33;13;75;28;35;6;42
KralingenCrooswijk;Kralingen OostKralingse Bos;129;154;105;162;156;126;166;161;122;90;135;71;9;6;8;12;14;12;16;1;6;11;7;5;4;6;51;7;38;73;6;77;71;35;49;98;43;76;52;23;55;47;51;8;69;95;94;79;88;92;91;81;85;9;86;73;92;45;8;87;55;63;8;2;2;82;2;5;3;24;1;117;35;82;82;59;69;78;69;51;54;29;5;11;4;78;1;4;65;5;18;32;46;11;55;56;13;78;73;79;87;54;29;77;19;37;56;56
KralingenCrooswijk;KralingenCrooswijk;99;109;89;108;103;103;109;124;89;79;107;82;8;19;18;22;18;18;22;1;13;16;15;13;9;13;31;51;23;49;33;7;5;41;49;93;47;61;37;29;57;47;47;76;67;83;82;61;8;76;82;5;54;76;58;5;83;43;75;73;49;56;25;12;1;4;6;16;33;52;8;64;46;83;79;66;7;75;71;6;42;22;8;4;54;77;14;23;55;17;14;26;4;16;51;46;19;78;62;8;79;42;22;65;19;37;58;61
Noord;Agniesebuurt;95;93;96;93;86;88;88;110;82;90;115;99;77;24;22;24;14;17;23;8;22;19;23;15;12;15;27;44;23;41;25;6;45;46;5;92;55;57;23;48;48;44;48;66;71;72;81;63;76;73;79;41;47;68;45;52;77;43;78;62;51;54;34;16;15;16;13;23;28;57;12;45;54;86;82;72;81;85;76;68;44;29;11;99;1;73;17;36;52;2;16;29;37;24;49;44;23;82;63;82;78;44;29;61;15;43;65;63
Noord;Provenierswijk;103;115;91;113;102;113;107;140;96;85;107;77;81;18;16;16;23;18;3;13;15;17;13;13;11;15;46;56;37;48;26;73;47;49;6;95;59;62;3;45;56;43;43;84;71;78;86;63;81;78;83;59;59;78;59;53;84;48;79;81;58;64;23;1;8;42;11;8;39;47;5;46;41;83;82;58;72;77;77;63;4;21;8;83;1;71;21;43;61;15;14;22;35;2;54;55;19;86;73;77;76;4;21;7;18;36;58;58
Noord;Bergpolder;111;134;88;158;143;104;130;136;112;86;103;50;89;14;8;13;9;9;14;4;13;11;8;8;6;11;25;58;21;44;31;69;49;48;6;97;46;65;17;26;47;48;48;8;72;84;87;66;85;81;86;51;57;84;74;45;81;48;79;82;56;6;15;8;7;31;8;8;2;37;4;42;48;87;85;76;79;82;79;58;37;14;7;88;1;75;22;28;66;12;8;24;42;1;57;61;1;87;77;84;8;37;14;68;21;26;45;54
Noord;Liskwartier;99;105;94;92;95;106;102;132;98;87;96;94;77;21;23;25;15;16;18;7;17;18;16;14;1;13;36;56;34;49;3;67;51;42;51;93;52;73;37;3;37;45;49;78;58;86;87;69;8;75;83;58;64;81;59;47;87;49;73;73;5;57;28;11;8;41;9;15;32;53;8;24;52;84;85;68;77;79;79;64;42;26;1;76;1;72;25;32;62;14;9;22;31;14;5;46;17;88;6;77;78;42;26;69;14;41;5;66
Noord;Oude Noorden;92;94;91;87;81;107;93;103;81;78;103;100;76;28;24;27;16;15;18;9;2;16;19;16;11;19;32;5;28;49;29;64;41;52;54;9;58;71;36;43;53;49;5;69;71;77;79;62;8;68;77;39;44;66;35;51;86;38;77;65;49;45;37;18;13;24;14;2;38;65;11;29;51;89;86;67;75;81;73;68;5;25;13;39;1;67;21;44;51;22;17;24;39;19;45;42;27;76;52;76;8;5;25;63;14;39;56;68
Noord;BlijdorpBlijdorpsepolder;125;143;106;148;145;117;144;162;122;108;112;82;87;7;9;17;9;11;11;6;14;15;9;9;5;1;46;74;33;67;46;73;67;39;5;96;42;66;27;16;6;49;53;79;69;9;9;65;86;85;91;73;77;91;85;67;93;53;8;82;53;66;8;3;1;59;1;7;26;3;2;3;37;84;83;68;67;8;75;69;48;26;3;27;1;74;23;52;76;6;15;21;36;9;55;56;8;89;75;81;78;48;26;67;16;33;59;59
Noord;Noord;104;114;94;115;106;109;111;130;95;87;106;86;81;19;17;21;14;14;18;7;17;16;14;13;9;14;35;57;29;51;32;67;5;46;54;93;52;67;3;34;51;47;49;75;69;82;85;64;82;76;83;53;57;77;58;53;86;45;78;74;52;56;25;11;9;32;11;14;31;5;7;33;47;86;84;68;75;81;76;66;45;24;9;58;1;71;22;4;61;15;14;23;37;15;51;5;18;83;65;79;79;45;24;66;16;36;55;62
Overschie;Kleinpolder;98;100;96;95;88;111;87;116;82;103;86;115;78;23;24;27;13;17;2;4;2;19;2;12;13;17;41;61;32;59;34;69;51;49;58;93;51;65;53;27;68;48;42;74;67;79;84;56;74;69;79;48;54;74;55;57;81;52;71;67;41;52;33;14;15;32;23;29;43;74;13;15;64;9;88;72;76;81;75;79;54;26;6;74;7;67;26;44;56;19;15;2;34;15;39;31;19;68;41;8;71;54;26;5;13;37;66;72
Overschie;Overschie;123;131;115;152;124;122;129;129;104;113;124;121;88;11;18;23;6;7;1;2;16;24;12;15;6;12;69;68;44;75;51;68;71;46;59;97;47;72;46;28;62;49;41;74;7;9;81;63;82;75;78;63;66;81;75;69;88;48;75;67;43;46;18;8;6;54;15;22;21;55;7;15;45;9;84;67;71;79;73;68;62;41;8;55;93;6;38;11;67;11;17;29;39;14;44;38;16;85;55;79;75;62;41;65;1;51;46;76
Overschie;NoordKethelSchieveenZestienhoven;136;156;116;149;167;128;170;166;117;112;129;105;87;5;1;13;0;2;4;1;11;17;5;9;2;11;8;9;64;92;67;83;81;53;6;97;3;25;9;6;62;57;67;88;76;94;9;76;89;85;93;88;87;94;91;74;99;51;79;87;47;66;8;5;5;63;17;15;33;55;4;5;5;85;9;74;8;82;82;62;83;47;6;0;31;52;38;23;73;8;11;31;44;7;57;41;18;82;58;81;83;83;47;74;9;39;47;7
Overschie;Overschie;114;121;107;126;111;121;117;129;93;111;108;115;83;16;19;24;8;11;14;3;17;21;15;13;9;14;58;68;41;7;46;7;64;48;59;95;46;62;44;25;65;5;45;76;69;85;84;62;79;74;81;6;63;8;68;64;86;5;74;7;42;52;23;1;1;46;2;24;32;64;9;14;54;89;87;7;75;8;75;72;62;35;7;57;73;63;32;29;63;14;15;25;37;14;44;35;18;77;49;8;74;62;35;59;11;43;55;73
Pernis;Pernis;128;126;129;141;112;146;119;113;115;131;128;143;86;14;17;26;3;7;9;2;2;25;2;18;8;18;74;73;49;8;45;72;7;46;56;97;82;92;54;78;63;47;5;75;7;84;85;6;81;77;81;6;62;85;74;69;84;5;58;71;22;46;2;4;3;5;14;24;31;5;6;5;77;86;89;85;62;78;73;74;66;48;6;1;1;54;47;39;72;8;2;29;49;14;45;25;23;74;4;84;78;66;48;61;7;56;58;8
Pernis;Pernis;128;126;129;141;112;146;119;113;115;131;128;143;86;14;17;26;3;7;9;2;2;25;2;18;8;18;74;73;49;8;45;72;7;46;56;97;82;92;54;78;63;47;5;75;7;84;85;6;81;77;81;6;62;85;74;69;84;5;58;71;22;46;2;4;3;5;14;24;31;5;6;5;77;86;89;85;62;78;73;74;66;48;6;1;1;54;47;39;72;8;2;29;49;14;45;25;23;74;4;84;78;66;48;61;7;56;58;8
Prins Alexander;sGravenland;134;151;118;173;157;118;156;152;126;96;139;109;92;9;9;13;6;6;9;3;1;14;6;9;4;8;45;71;31;68;5;74;75;54;59;98;38;53;27;25;7;46;45;8;74;92;91;7;83;84;89;78;75;91;89;67;93;44;79;81;45;58;12;2;3;73;5;1;27;33;2;13;42;87;87;65;72;77;74;59;55;28;4;0;95;76;2;13;72;6;21;33;48;13;6;45;11;81;67;86;81;55;28;74;9;59;46;67
Prins Alexander;Kralingseveer;128;144;111;178;142;141;145;114;113;79;116;138;93;7;15;17;1;3;6;1;16;25;17;14;6;14;85;75;65;83;43;71;75;58;6;98;91;87;4;83;84;37;42;8;69;9;91;75;85;82;94;64;67;87;79;65;89;41;63;69;25;43;8;3;8;29;12;16;27;7;3;5;46;9;84;78;79;84;76;71;6;47;1;0;0;7;32;28;7;8;12;24;32;11;43;23;11;86;48;89;77;6;47;72;8;55;67;74
Prins Alexander;Prinsenland;115;123;108;122;116;120;122;134;94;107;107;124;83;14;22;25;6;6;12;5;16;18;12;11;1;14;39;6;28;61;37;7;59;45;58;94;53;62;48;39;76;48;43;78;68;89;82;61;77;72;8;64;63;84;76;62;9;49;74;71;38;56;17;8;1;56;11;17;6;75;8;11;49;87;87;68;67;76;69;66;57;32;4;5;1;7;27;17;65;13;19;23;32;12;46;33;9;71;48;8;74;57;32;63;9;5;62;71
Prins Alexander;Het Lage Land;114;119;109;115;114;123;119;125;107;106;119;106;81;13;19;23;1;8;12;4;15;22;18;16;9;14;35;55;25;63;31;69;56;42;53;95;71;78;63;53;65;44;46;76;69;88;85;57;77;76;8;51;49;79;7;54;86;51;73;74;39;55;14;7;7;45;9;14;36;58;5;17;52;89;91;7;75;8;75;72;49;26;5;78;87;73;24;23;65;12;21;31;38;18;52;33;2;72;56;82;71;49;26;63;13;42;65;66
Prins Alexander;Ommoord;115;120;110;116;103;129;123;130;100;122;99;120;81;15;26;27;8;9;1;3;19;24;21;15;7;15;44;6;3;72;38;75;6;45;55;95;52;64;56;37;61;49;52;8;65;9;86;61;77;79;83;67;63;84;78;58;87;48;76;71;29;59;17;8;7;42;13;15;37;75;5;8;48;85;88;65;65;72;67;71;55;32;3;76;68;64;3;45;63;13;2;22;28;15;38;33;15;7;44;81;68;55;32;57;9;47;52;74
Prins Alexander;Zevenkamp;117;123;112;147;125;119;118;105;96;110;116;124;87;14;17;23;5;5;1;1;15;23;15;13;5;12;44;53;27;65;37;7;55;54;64;94;56;48;45;43;73;49;44;74;71;83;87;56;83;75;85;44;49;78;52;49;88;41;71;63;33;5;15;11;14;34;14;2;39;76;6;9;55;95;9;71;74;76;76;73;62;34;7;58;74;64;29;32;63;15;2;22;38;13;49;36;18;77;48;85;78;62;34;68;1;53;57;73
Prins Alexander;Oosterflank;101;100;101;108;106;102;88;98;89;102;100;114;8;18;2;26;1;9;14;5;18;2;17;11;9;14;39;55;24;53;3;65;45;41;53;94;54;49;48;47;65;45;38;74;61;83;81;58;75;74;81;48;43;69;51;51;82;41;68;66;3;47;25;12;13;33;14;18;41;82;5;12;51;82;86;7;76;78;73;73;5;28;6;55;1;64;28;55;61;17;18;2;34;14;45;37;16;7;47;81;74;5;28;65;1;47;56;7
Prins Alexander;Nesselande;131;152;111;159;160;141;152;147;130;103;120;92;89;7;11;15;2;3;4;1;12;12;9;9;5;9;52;79;46;77;49;78;69;54;58;97;58;36;62;47;84;53;49;78;69;94;91;66;84;83;88;76;8;93;83;73;91;46;7;75;42;57;3;3;3;56;1;1;19;4;2;6;39;88;86;71;81;81;73;61;61;35;11;75;95;68;23;25;79;6;13;22;5;2;62;37;13;88;59;87;71;61;35;63;6;58;6;5
Prins Alexander;Prins Alexander;118;125;110;132;120;124;124;126;103;110;113;115;84;13;19;23;7;7;1;3;16;2;15;13;7;13;44;61;3;67;38;72;6;48;57;95;55;57;51;42;69;48;46;77;68;88;86;61;79;78;84;6;59;83;71;58;88;46;73;71;35;55;15;8;9;48;11;15;36;66;5;1;48;88;88;68;72;77;72;69;56;31;5;56;82;68;27;32;66;12;19;24;36;15;48;35;15;75;51;83;73;56;31;64;9;5;57;69
Rotterdam Centrum;Stadsdriehoek;110;130;91;139;143;101;114;153;114;90;113;46;85;1;9;15;16;16;18;9;9;11;9;7;3;6;2;57;1;45;3;74;47;39;53;93;43;53;23;27;26;55;51;83;64;83;89;69;82;86;88;7;67;86;79;57;88;55;79;86;7;65;1;4;4;45;4;3;28;32;2;63;36;8;8;64;63;75;68;5;25;13;3;8;28;83;17;16;71;8;1;24;35;21;55;67;8;83;81;84;79;25;13;72;24;3;61;46
Rotterdam Centrum;Oude Westen;96;102;89;97;79;106;105;125;73;92;96;96;78;27;23;27;24;23;27;6;15;2;18;16;12;16;37;6;31;55;31;61;41;53;6;93;56;63;43;41;53;43;45;73;71;82;79;58;76;71;79;48;51;71;33;56;86;49;81;71;57;55;39;21;15;27;13;22;47;68;11;33;57;82;79;63;7;72;67;7;52;27;11;1;1;77;16;46;47;25;11;28;34;17;34;44;25;72;57;77;84;52;27;6;17;44;54;66
Rotterdam Centrum;Cool;101;115;88;116;126;91;102;141;98;100;106;46;81;16;14;15;12;13;17;8;12;12;12;1;6;11;22;54;12;39;3;69;42;45;53;92;54;62;24;34;39;44;43;75;65;81;86;65;79;79;82;66;66;82;48;58;8;47;83;85;68;61;12;7;4;34;1;6;52;39;4;6;41;82;81;67;7;77;74;56;42;18;4;85;77;76;21;27;65;12;1;25;37;14;52;64;13;87;77;8;81;42;18;66;26;27;57;5
Rotterdam Centrum;CSkwartier;106;117;96;157;138;76;97;118;124;106;122;30;89;1;13;18;3;24;3;9;1;13;1;6;2;5;9;33;2;27;17;72;36;37;47;87;49;49;18;2;13;44;51;79;57;82;92;62;87;81;85;58;29;76;54;26;83;41;72;87;59;59;5;1;2;33;7;4;1;25;0;88;25;68;71;49;51;66;6;44;28;14;2;1;1;78;17;0;52;4;13;31;45;8;53;61;5;83;83;81;89;28;14;75;21;31;29;39
Rotterdam Centrum;Nieuwe WerkDijkzigt;109;124;94;112;144;87;139;138;140;71;124;42;81;1;6;13;14;11;13;5;11;4;7;9;6;19;19;59;18;37;35;74;61;38;49;1;35;48;22;17;35;48;45;73;61;96;89;67;86;87;84;72;62;81;64;53;85;47;7;85;71;58;16;1;0;86;2;0;1;14;1;68;42;91;9;7;78;87;77;63;41;15;4;1;9;95;13;9;61;6;9;39;54;9;65;66;1;84;8;84;9;41;15;79;26;25;7;4
Rotterdam Centrum;Rotterdam Centrum;103;119;88;123;121;100;111;143;99;86;108;58;83;15;14;18;18;17;21;8;11;13;12;1;6;11;24;57;16;46;3;7;45;44;55;93;48;57;28;31;36;49;48;78;65;83;86;65;81;81;84;63;61;81;59;56;86;51;79;82;66;61;18;8;7;35;7;8;36;41;5;56;42;82;8;64;67;75;69;57;36;18;5;82;56;82;17;24;62;13;1;26;37;17;5;6;14;81;74;81;82;36;18;68;22;33;57;51
Rozenburg;Rozenburg;100;98;103;101;131;94;80;82;105;118;114;75;79;7;19;21;3;5;1;2;15;26;18;2;4;13;57;66;42;72;43;65;62;38;49;95;46;8;55;26;62;33;31;7;47;88;81;59;79;76;81;54;6;84;76;63;88;43;25;5;21;33;11;5;4;36;11;28;35;56;7;5;42;85;88;72;74;71;72;56;55;33;4;49;92;6;44;36;69;9;18;29;38;15;43;27;13;78;45;79;68;55;33;63;8;55;58;44
Rozenburg;Rozenburg;100;98;103;101;131;94;80;82;105;118;114;75;79;7;19;21;3;5;1;2;15;26;18;2;4;13;57;66;42;72;43;65;62;38;49;95;46;8;55;26;62;33;31;7;47;88;81;59;79;76;81;54;6;84;76;63;88;43;25;5;21;33;11;5;4;36;11;28;35;56;7;5;42;85;88;72;74;71;72;56;55;33;4;49;92;6;44;36;69;9;18;29;38;15;43;27;13;78;45;79;68;55;33;63;8;55;58;44
Rotterdam;Rotterdam;100;105;96;104;98;108;98;115;88;93;104;98;79;19;2;24;13;14;18;6;17;2;17;15;9;15;4;56;31;57;35;68;53;46;53;93;5;65;37;35;58;46;44;75;64;83;82;6;78;73;8;49;54;73;54;55;84;45;71;67;42;52;23;12;1;37;13;21;36;6;9;31;51;85;84;67;73;76;72;65;51;29;8;41;75;69;24;44;59;17;15;23;36;16;45;39;21;76;53;8;76;51;29;63;14;42;57;65
